{
  "QB": [
    -0.8879303997461898,
    1.4922837121486046
  ],
  "RB": [
    -0.8038232141174508,
    1.7908120508720151
  ],
  "WR": [
    -0.6552546988406698,
    1.5214691394881432
  ],
  "TE": [
    -0.579011718283002,
    0.9258311338118859
  ]
}