{
  "QB": [
    -0.8879303997461898,
    1.3423652442484393
  ],
  "RB": [
    -0.8038232141174508,
    1.2525070110852834
  ],
  "WR": [
    -0.6552546988406698,
    1.2383742310432684
  ],
  "TE": [
    -0.579011718283002,
    0.8591043729741925
  ]
}