{
  "QB": [
    -0.3321038999363008,
    0.364553255451423
  ],
  "RB": [
    -0.2717612860258359,
    0.3452211503626895
  ],
  "WR": [
    -0.21125703430192877,
    0.31742847003399366
  ],
  "TE": [
    -0.171584030890029,
    0.24262327669523595
  ]
}